participant_id,condition,source_dataset,start_index,end_index,protocol,variant,seed,y_true,prediction
maze_1.0,maze,maze,765,795,blocked_within_participant,VRC-3PO,456,7.0,6.499362
maze_1.0,maze,maze,780,810,blocked_within_participant,VRC-3PO,456,7.0,5.0869637
maze_1.0,maze,maze,795,825,blocked_within_participant,VRC-3PO,456,7.0,3.5670295
maze_1.0,maze,maze,810,840,blocked_within_participant,VRC-3PO,456,7.0,6.5836143
maze_1.0,maze,maze,825,855,blocked_within_participant,VRC-3PO,456,7.0,7.134418
maze_1.0,maze,maze,840,870,blocked_within_participant,VRC-3PO,456,7.0,6.4660335
maze_1.0,maze,maze,855,885,blocked_within_participant,VRC-3PO,456,7.0,6.694856
maze_1.0,maze,maze,870,900,blocked_within_participant,VRC-3PO,456,7.0,6.853728
maze_1.0,maze,maze,885,915,blocked_within_participant,VRC-3PO,456,7.0,6.499816
maze_1.0,maze,maze,900,930,blocked_within_participant,VRC-3PO,456,7.0,6.686578
maze_10.0,maze,maze,765,795,blocked_within_participant,VRC-3PO,456,3.0,1.9418495
maze_10.0,maze,maze,780,810,blocked_within_participant,VRC-3PO,456,3.0,1.6639119
maze_10.0,maze,maze,795,825,blocked_within_participant,VRC-3PO,456,3.0,1.5203826
maze_10.0,maze,maze,810,840,blocked_within_participant,VRC-3PO,456,3.0,1.7181094
maze_10.0,maze,maze,825,855,blocked_within_participant,VRC-3PO,456,3.0,1.2185837
maze_10.0,maze,maze,840,870,blocked_within_participant,VRC-3PO,456,3.0,1.7171818
maze_10.0,maze,maze,855,885,blocked_within_participant,VRC-3PO,456,3.0,2.2014322
maze_10.0,maze,maze,870,900,blocked_within_participant,VRC-3PO,456,3.0,1.9068608
maze_10.0,maze,maze,885,915,blocked_within_participant,VRC-3PO,456,3.0,1.718724
maze_10.0,maze,maze,900,930,blocked_within_participant,VRC-3PO,456,3.0,1.7646539
maze_11.0,maze,maze,750,780,blocked_within_participant,VRC-3PO,456,1.0,1.5556625
maze_11.0,maze,maze,765,795,blocked_within_participant,VRC-3PO,456,1.0,1.7440532
maze_11.0,maze,maze,780,810,blocked_within_participant,VRC-3PO,456,1.0,2.0100565
maze_11.0,maze,maze,795,825,blocked_within_participant,VRC-3PO,456,1.0,1.5938567
maze_11.0,maze,maze,810,840,blocked_within_participant,VRC-3PO,456,1.0,1.8171883
maze_11.0,maze,maze,825,855,blocked_within_participant,VRC-3PO,456,1.0,2.0060663
maze_11.0,maze,maze,840,870,blocked_within_participant,VRC-3PO,456,1.0,1.7190902
maze_11.0,maze,maze,855,885,blocked_within_participant,VRC-3PO,456,1.0,1.893114
maze_11.0,maze,maze,870,900,blocked_within_participant,VRC-3PO,456,1.0,2.1885626
maze_11.0,maze,maze,885,915,blocked_within_participant,VRC-3PO,456,1.0,2.1716037
maze_12.0,maze,maze,750,780,blocked_within_participant,VRC-3PO,456,2.0,2.2767382
maze_12.0,maze,maze,765,795,blocked_within_participant,VRC-3PO,456,1.5,1.4263523
maze_12.0,maze,maze,780,810,blocked_within_participant,VRC-3PO,456,1.0,1.6901567
maze_12.0,maze,maze,795,825,blocked_within_participant,VRC-3PO,456,1.0,2.1834824
maze_12.0,maze,maze,810,840,blocked_within_participant,VRC-3PO,456,1.0,1.964335
maze_12.0,maze,maze,825,855,blocked_within_participant,VRC-3PO,456,1.0,1.8936357
maze_12.0,maze,maze,840,870,blocked_within_participant,VRC-3PO,456,1.0,2.0943418
maze_12.0,maze,maze,855,885,blocked_within_participant,VRC-3PO,456,1.0,2.850625
maze_12.0,maze,maze,870,900,blocked_within_participant,VRC-3PO,456,1.0,2.5138285
maze_12.0,maze,maze,885,915,blocked_within_participant,VRC-3PO,456,1.0,1.8047707
maze_13.0,maze,maze,750,780,blocked_within_participant,VRC-3PO,456,2.0,2.4553444
maze_13.0,maze,maze,765,795,blocked_within_participant,VRC-3PO,456,2.5,2.0106037
maze_13.0,maze,maze,780,810,blocked_within_participant,VRC-3PO,456,3.0,1.249253
maze_13.0,maze,maze,795,825,blocked_within_participant,VRC-3PO,456,3.0,1.5348636
maze_13.0,maze,maze,810,840,blocked_within_participant,VRC-3PO,456,3.0,1.9643724
maze_13.0,maze,maze,825,855,blocked_within_participant,VRC-3PO,456,3.0,1.9550683
maze_13.0,maze,maze,840,870,blocked_within_participant,VRC-3PO,456,3.0,1.4565635
maze_13.0,maze,maze,855,885,blocked_within_participant,VRC-3PO,456,3.0,1.8281158
maze_13.0,maze,maze,870,900,blocked_within_participant,VRC-3PO,456,3.0,2.9667153
maze_13.0,maze,maze,885,915,blocked_within_participant,VRC-3PO,456,3.0,1.9751782
maze_14.0,maze,maze,765,795,blocked_within_participant,VRC-3PO,456,1.5,1.4293436
maze_14.0,maze,maze,780,810,blocked_within_participant,VRC-3PO,456,1.0,1.4875783
maze_14.0,maze,maze,795,825,blocked_within_participant,VRC-3PO,456,1.0,2.9284396
maze_14.0,maze,maze,810,840,blocked_within_participant,VRC-3PO,456,1.0,2.2631602
maze_14.0,maze,maze,825,855,blocked_within_participant,VRC-3PO,456,1.0,1.4285928
maze_14.0,maze,maze,840,870,blocked_within_participant,VRC-3PO,456,1.0,2.020936
maze_14.0,maze,maze,855,885,blocked_within_participant,VRC-3PO,456,1.0,2.1738062
maze_14.0,maze,maze,870,900,blocked_within_participant,VRC-3PO,456,1.0,1.1378989
maze_14.0,maze,maze,885,915,blocked_within_participant,VRC-3PO,456,1.0,1.3461953
maze_14.0,maze,maze,900,930,blocked_within_participant,VRC-3PO,456,1.0,1.365524
maze_15.0,maze,maze,795,825,blocked_within_participant,VRC-3PO,456,1.0,0.79106593
maze_15.0,maze,maze,810,840,blocked_within_participant,VRC-3PO,456,1.0,0.8250743
maze_15.0,maze,maze,825,855,blocked_within_participant,VRC-3PO,456,1.0,0.754035
maze_15.0,maze,maze,840,870,blocked_within_participant,VRC-3PO,456,1.0,0.7644233
maze_15.0,maze,maze,855,885,blocked_within_participant,VRC-3PO,456,1.0,0.78037465
maze_15.0,maze,maze,870,900,blocked_within_participant,VRC-3PO,456,1.0,0.8858259
maze_15.0,maze,maze,885,915,blocked_within_participant,VRC-3PO,456,1.0,0.92885184
maze_15.0,maze,maze,900,930,blocked_within_participant,VRC-3PO,456,1.0,0.85683155
maze_15.0,maze,maze,915,945,blocked_within_participant,VRC-3PO,456,1.0,0.8744467
maze_15.0,maze,maze,930,960,blocked_within_participant,VRC-3PO,456,1.0,0.9002813
maze_15.0,maze,maze,945,975,blocked_within_participant,VRC-3PO,456,1.0,0.88972867
maze_16.0,maze,maze,810,840,blocked_within_participant,VRC-3PO,456,3.0,2.2489305
maze_16.0,maze,maze,825,855,blocked_within_participant,VRC-3PO,456,3.0,2.6137648
maze_16.0,maze,maze,840,870,blocked_within_participant,VRC-3PO,456,3.0,2.2538598
maze_16.0,maze,maze,855,885,blocked_within_participant,VRC-3PO,456,3.0,2.8641338
maze_16.0,maze,maze,870,900,blocked_within_participant,VRC-3PO,456,3.0,2.5866299
maze_16.0,maze,maze,885,915,blocked_within_participant,VRC-3PO,456,3.0,3.2592483
maze_16.0,maze,maze,900,930,blocked_within_participant,VRC-3PO,456,3.0,3.0179186
maze_16.0,maze,maze,915,945,blocked_within_participant,VRC-3PO,456,3.0,2.810576
maze_16.0,maze,maze,930,960,blocked_within_participant,VRC-3PO,456,3.0,2.1532927
maze_16.0,maze,maze,945,975,blocked_within_participant,VRC-3PO,456,3.0,1.8149443
maze_16.0,maze,maze,960,990,blocked_within_participant,VRC-3PO,456,3.0,2.6022143
maze_17.0,maze,maze,750,780,blocked_within_participant,VRC-3PO,456,4.0,2.5242329
maze_17.0,maze,maze,765,795,blocked_within_participant,VRC-3PO,456,4.0,2.2303345
maze_17.0,maze,maze,780,810,blocked_within_participant,VRC-3PO,456,4.0,3.003247
maze_17.0,maze,maze,795,825,blocked_within_participant,VRC-3PO,456,4.0,2.9979393
maze_17.0,maze,maze,810,840,blocked_within_participant,VRC-3PO,456,4.0,2.6712303
maze_17.0,maze,maze,825,855,blocked_within_participant,VRC-3PO,456,4.0,2.5893
maze_17.0,maze,maze,840,870,blocked_within_participant,VRC-3PO,456,4.0,2.6731367
maze_17.0,maze,maze,855,885,blocked_within_participant,VRC-3PO,456,4.0,3.7472901
maze_17.0,maze,maze,870,900,blocked_within_participant,VRC-3PO,456,4.0,3.6958225
maze_17.0,maze,maze,885,915,blocked_within_participant,VRC-3PO,456,4.0,2.9152198
maze_18.0,maze,maze,750,780,blocked_within_participant,VRC-3PO,456,1.0,2.4526536
maze_18.0,maze,maze,765,795,blocked_within_participant,VRC-3PO,456,1.0,2.1640143
maze_18.0,maze,maze,780,810,blocked_within_participant,VRC-3PO,456,1.0,2.3184636
maze_18.0,maze,maze,795,825,blocked_within_participant,VRC-3PO,456,1.0,1.7188191
maze_18.0,maze,maze,810,840,blocked_within_participant,VRC-3PO,456,1.0,1.9859846
maze_18.0,maze,maze,825,855,blocked_within_participant,VRC-3PO,456,1.0,2.0361173
maze_18.0,maze,maze,840,870,blocked_within_participant,VRC-3PO,456,1.0,1.9449828
maze_18.0,maze,maze,855,885,blocked_within_participant,VRC-3PO,456,1.0,1.896293
maze_18.0,maze,maze,870,900,blocked_within_participant,VRC-3PO,456,1.0,1.5814072
maze_18.0,maze,maze,885,915,blocked_within_participant,VRC-3PO,456,1.0,1.8597603
maze_19.0,maze,maze,765,795,blocked_within_participant,VRC-3PO,456,1.0,2.0994406
maze_19.0,maze,maze,780,810,blocked_within_participant,VRC-3PO,456,1.0,2.1932497
maze_19.0,maze,maze,795,825,blocked_within_participant,VRC-3PO,456,1.0,2.1337771
maze_19.0,maze,maze,810,840,blocked_within_participant,VRC-3PO,456,1.0,2.1619055
maze_19.0,maze,maze,825,855,blocked_within_participant,VRC-3PO,456,1.0,1.8969114
maze_19.0,maze,maze,840,870,blocked_within_participant,VRC-3PO,456,1.0,2.1139958
maze_19.0,maze,maze,855,885,blocked_within_participant,VRC-3PO,456,1.0,1.8272713
maze_19.0,maze,maze,870,900,blocked_within_participant,VRC-3PO,456,1.0,2.7177734
maze_19.0,maze,maze,885,915,blocked_within_participant,VRC-3PO,456,1.0,2.2125611
maze_19.0,maze,maze,900,930,blocked_within_participant,VRC-3PO,456,1.0,2.4474185
maze_20.0,maze,maze,765,795,blocked_within_participant,VRC-3PO,456,1.0,1.297257
maze_20.0,maze,maze,780,810,blocked_within_participant,VRC-3PO,456,1.0,1.0690619
maze_20.0,maze,maze,795,825,blocked_within_participant,VRC-3PO,456,1.0,1.6127839
maze_20.0,maze,maze,810,840,blocked_within_participant,VRC-3PO,456,1.0,1.4175488
maze_20.0,maze,maze,825,855,blocked_within_participant,VRC-3PO,456,1.0,1.0423647
maze_20.0,maze,maze,840,870,blocked_within_participant,VRC-3PO,456,1.0,0.9934261
maze_20.0,maze,maze,855,885,blocked_within_participant,VRC-3PO,456,1.0,1.0991669
maze_20.0,maze,maze,870,900,blocked_within_participant,VRC-3PO,456,1.0,1.3329593
maze_20.0,maze,maze,885,915,blocked_within_participant,VRC-3PO,456,1.0,1.488142
maze_20.0,maze,maze,900,930,blocked_within_participant,VRC-3PO,456,1.0,1.4710897
maze_21.0,maze,maze,825,855,blocked_within_participant,VRC-3PO,456,2.0,1.987937
maze_21.0,maze,maze,840,870,blocked_within_participant,VRC-3PO,456,2.0,1.9588856
maze_21.0,maze,maze,855,885,blocked_within_participant,VRC-3PO,456,2.0,1.9233459
maze_21.0,maze,maze,870,900,blocked_within_participant,VRC-3PO,456,2.0,1.6991866
maze_21.0,maze,maze,885,915,blocked_within_participant,VRC-3PO,456,2.0,2.1428344
maze_21.0,maze,maze,900,930,blocked_within_participant,VRC-3PO,456,2.0,1.6741577
maze_21.0,maze,maze,915,945,blocked_within_participant,VRC-3PO,456,2.0,1.5823102
maze_21.0,maze,maze,930,960,blocked_within_participant,VRC-3PO,456,2.0,1.4312114
maze_21.0,maze,maze,945,975,blocked_within_participant,VRC-3PO,456,2.0,1.2071548
maze_21.0,maze,maze,960,990,blocked_within_participant,VRC-3PO,456,2.0,1.2760699
maze_21.0,maze,maze,975,1005,blocked_within_participant,VRC-3PO,456,2.0,1.3867775
maze_22.0,maze,maze,795,825,blocked_within_participant,VRC-3PO,456,2.0,2.3749335
maze_22.0,maze,maze,810,840,blocked_within_participant,VRC-3PO,456,2.0,2.2257164
maze_22.0,maze,maze,825,855,blocked_within_participant,VRC-3PO,456,2.0,2.0648692
maze_22.0,maze,maze,840,870,blocked_within_participant,VRC-3PO,456,2.0,1.921689
maze_22.0,maze,maze,855,885,blocked_within_participant,VRC-3PO,456,2.0,2.3982403
maze_22.0,maze,maze,870,900,blocked_within_participant,VRC-3PO,456,2.0,2.345909
maze_22.0,maze,maze,885,915,blocked_within_participant,VRC-3PO,456,2.0,1.829875
maze_22.0,maze,maze,900,930,blocked_within_participant,VRC-3PO,456,2.0,1.520921
maze_22.0,maze,maze,915,945,blocked_within_participant,VRC-3PO,456,2.0,1.94071
maze_22.0,maze,maze,930,960,blocked_within_participant,VRC-3PO,456,2.0,2.2062824
maze_23.0,maze,maze,765,795,blocked_within_participant,VRC-3PO,456,1.0,1.0479105
maze_23.0,maze,maze,780,810,blocked_within_participant,VRC-3PO,456,1.0,1.5690262
maze_23.0,maze,maze,795,825,blocked_within_participant,VRC-3PO,456,1.0,1.2563158
maze_23.0,maze,maze,810,840,blocked_within_participant,VRC-3PO,456,1.0,1.3883799
maze_23.0,maze,maze,825,855,blocked_within_participant,VRC-3PO,456,1.0,1.5455551
maze_23.0,maze,maze,840,870,blocked_within_participant,VRC-3PO,456,1.0,1.4091377
maze_23.0,maze,maze,855,885,blocked_within_participant,VRC-3PO,456,1.0,0.9765724
maze_23.0,maze,maze,870,900,blocked_within_participant,VRC-3PO,456,1.0,1.2704096
maze_23.0,maze,maze,885,915,blocked_within_participant,VRC-3PO,456,1.0,1.3950901
maze_23.0,maze,maze,900,930,blocked_within_participant,VRC-3PO,456,1.0,1.2975268
maze_24.0,maze,maze,750,780,blocked_within_participant,VRC-3PO,456,1.0,1.0589247
maze_24.0,maze,maze,765,795,blocked_within_participant,VRC-3PO,456,1.0,1.1893295
maze_24.0,maze,maze,780,810,blocked_within_participant,VRC-3PO,456,1.0,0.9928292
maze_24.0,maze,maze,795,825,blocked_within_participant,VRC-3PO,456,1.0,1.1463454
maze_24.0,maze,maze,810,840,blocked_within_participant,VRC-3PO,456,1.0,1.0674598
maze_24.0,maze,maze,825,855,blocked_within_participant,VRC-3PO,456,1.0,1.103307
maze_24.0,maze,maze,840,870,blocked_within_participant,VRC-3PO,456,1.0,0.9182593
maze_24.0,maze,maze,855,885,blocked_within_participant,VRC-3PO,456,1.0,1.3803414
maze_24.0,maze,maze,870,900,blocked_within_participant,VRC-3PO,456,1.0,1.1300529
maze_24.0,maze,maze,885,915,blocked_within_participant,VRC-3PO,456,1.0,0.9195355
maze_25.0,maze,maze,750,780,blocked_within_participant,VRC-3PO,456,1.0,2.2104137
maze_25.0,maze,maze,765,795,blocked_within_participant,VRC-3PO,456,1.0,2.1212723
maze_25.0,maze,maze,780,810,blocked_within_participant,VRC-3PO,456,1.0,1.8380442
maze_25.0,maze,maze,795,825,blocked_within_participant,VRC-3PO,456,1.0,1.7622023
maze_25.0,maze,maze,810,840,blocked_within_participant,VRC-3PO,456,1.0,1.8975632
maze_25.0,maze,maze,825,855,blocked_within_participant,VRC-3PO,456,1.0,2.2931323
maze_25.0,maze,maze,840,870,blocked_within_participant,VRC-3PO,456,1.0,2.0164344
maze_25.0,maze,maze,855,885,blocked_within_participant,VRC-3PO,456,1.0,2.0121727
maze_25.0,maze,maze,870,900,blocked_within_participant,VRC-3PO,456,1.0,2.24505
maze_25.0,maze,maze,885,915,blocked_within_participant,VRC-3PO,456,1.0,2.1797652
maze_26.0,maze,maze,750,780,blocked_within_participant,VRC-3PO,456,5.0,2.793922
maze_26.0,maze,maze,765,795,blocked_within_participant,VRC-3PO,456,5.5,2.3782353
maze_26.0,maze,maze,780,810,blocked_within_participant,VRC-3PO,456,6.0,2.5133348
maze_26.0,maze,maze,795,825,blocked_within_participant,VRC-3PO,456,6.0,3.4033372
maze_26.0,maze,maze,810,840,blocked_within_participant,VRC-3PO,456,6.0,3.7831197
maze_26.0,maze,maze,825,855,blocked_within_participant,VRC-3PO,456,6.0,3.641426
maze_26.0,maze,maze,840,870,blocked_within_participant,VRC-3PO,456,6.0,3.1943944
maze_26.0,maze,maze,855,885,blocked_within_participant,VRC-3PO,456,6.0,2.7849522
maze_26.0,maze,maze,870,900,blocked_within_participant,VRC-3PO,456,6.0,3.2355294
maze_26.0,maze,maze,885,915,blocked_within_participant,VRC-3PO,456,6.0,3.2504344
maze_27.0,maze,maze,795,825,blocked_within_participant,VRC-3PO,456,1.0,1.6678857
maze_27.0,maze,maze,810,840,blocked_within_participant,VRC-3PO,456,1.0,1.655766
maze_27.0,maze,maze,825,855,blocked_within_participant,VRC-3PO,456,1.0,1.7856007
maze_27.0,maze,maze,840,870,blocked_within_participant,VRC-3PO,456,1.0,2.0368965
maze_27.0,maze,maze,855,885,blocked_within_participant,VRC-3PO,456,1.0,1.8427858
maze_27.0,maze,maze,870,900,blocked_within_participant,VRC-3PO,456,1.0,1.5800554
maze_27.0,maze,maze,885,915,blocked_within_participant,VRC-3PO,456,1.0,1.7989305
maze_27.0,maze,maze,900,930,blocked_within_participant,VRC-3PO,456,1.0,1.5647584
maze_27.0,maze,maze,915,945,blocked_within_participant,VRC-3PO,456,1.0,1.6873465
maze_27.0,maze,maze,930,960,blocked_within_participant,VRC-3PO,456,1.0,1.6114397
maze_27.0,maze,maze,945,975,blocked_within_participant,VRC-3PO,456,1.0,1.7111363
maze_28.0,maze,maze,750,780,blocked_within_participant,VRC-3PO,456,1.0,1.7107136
maze_28.0,maze,maze,765,795,blocked_within_participant,VRC-3PO,456,2.0,1.687855
maze_28.0,maze,maze,780,810,blocked_within_participant,VRC-3PO,456,3.0,1.7707689
maze_28.0,maze,maze,795,825,blocked_within_participant,VRC-3PO,456,3.0,1.7821019
maze_28.0,maze,maze,810,840,blocked_within_participant,VRC-3PO,456,3.0,1.6659825
maze_28.0,maze,maze,825,855,blocked_within_participant,VRC-3PO,456,3.0,1.203359
maze_28.0,maze,maze,840,870,blocked_within_participant,VRC-3PO,456,3.0,1.3562098
maze_28.0,maze,maze,855,885,blocked_within_participant,VRC-3PO,456,3.0,1.2990052
maze_28.0,maze,maze,870,900,blocked_within_participant,VRC-3PO,456,3.0,1.7424037
maze_28.0,maze,maze,885,915,blocked_within_participant,VRC-3PO,456,3.0,1.556369
maze_29.0,maze,maze,750,780,blocked_within_participant,VRC-3PO,456,1.0,2.3408957
maze_29.0,maze,maze,765,795,blocked_within_participant,VRC-3PO,456,1.0,1.8875947
maze_29.0,maze,maze,780,810,blocked_within_participant,VRC-3PO,456,1.0,2.001257
maze_29.0,maze,maze,795,825,blocked_within_participant,VRC-3PO,456,1.0,2.0023723
maze_29.0,maze,maze,810,840,blocked_within_participant,VRC-3PO,456,1.0,2.2906003
maze_29.0,maze,maze,825,855,blocked_within_participant,VRC-3PO,456,1.0,2.083166
maze_29.0,maze,maze,840,870,blocked_within_participant,VRC-3PO,456,1.0,1.7613962
maze_29.0,maze,maze,855,885,blocked_within_participant,VRC-3PO,456,1.0,1.6944449
maze_29.0,maze,maze,870,900,blocked_within_participant,VRC-3PO,456,1.0,1.8378183
maze_29.0,maze,maze,885,915,blocked_within_participant,VRC-3PO,456,1.0,1.9500852
maze_3.0,maze,maze,735,765,blocked_within_participant,VRC-3PO,456,4.0,1.6603248
maze_3.0,maze,maze,750,780,blocked_within_participant,VRC-3PO,456,4.0,1.4754514
maze_3.0,maze,maze,765,795,blocked_within_participant,VRC-3PO,456,4.0,1.6317792
maze_3.0,maze,maze,780,810,blocked_within_participant,VRC-3PO,456,4.0,1.6009349
maze_3.0,maze,maze,795,825,blocked_within_participant,VRC-3PO,456,4.0,1.5304022
maze_3.0,maze,maze,810,840,blocked_within_participant,VRC-3PO,456,4.0,1.8603039
maze_3.0,maze,maze,825,855,blocked_within_participant,VRC-3PO,456,4.0,1.6213219
maze_3.0,maze,maze,840,870,blocked_within_participant,VRC-3PO,456,4.0,1.7534792
maze_3.0,maze,maze,855,885,blocked_within_participant,VRC-3PO,456,4.0,1.415229
maze_3.0,maze,maze,870,900,blocked_within_participant,VRC-3PO,456,4.0,1.5396756
maze_30.0,maze,maze,750,780,blocked_within_participant,VRC-3PO,456,1.0,1.8027406
maze_30.0,maze,maze,765,795,blocked_within_participant,VRC-3PO,456,1.0,1.8458434
maze_30.0,maze,maze,780,810,blocked_within_participant,VRC-3PO,456,1.0,2.0094287
maze_30.0,maze,maze,795,825,blocked_within_participant,VRC-3PO,456,1.0,1.4058259
maze_30.0,maze,maze,810,840,blocked_within_participant,VRC-3PO,456,1.0,1.5546243
maze_30.0,maze,maze,825,855,blocked_within_participant,VRC-3PO,456,1.0,1.3037692
maze_30.0,maze,maze,840,870,blocked_within_participant,VRC-3PO,456,1.0,1.3895563
maze_30.0,maze,maze,855,885,blocked_within_participant,VRC-3PO,456,1.0,1.7175821
maze_30.0,maze,maze,870,900,blocked_within_participant,VRC-3PO,456,1.0,1.8013966
maze_30.0,maze,maze,885,915,blocked_within_participant,VRC-3PO,456,1.0,1.4004592
maze_31.0,maze,maze,750,780,blocked_within_participant,VRC-3PO,456,1.0,2.140034
maze_31.0,maze,maze,765,795,blocked_within_participant,VRC-3PO,456,1.0,2.4200025
maze_31.0,maze,maze,780,810,blocked_within_participant,VRC-3PO,456,1.0,2.2796066
maze_31.0,maze,maze,795,825,blocked_within_participant,VRC-3PO,456,1.0,2.435761
maze_31.0,maze,maze,810,840,blocked_within_participant,VRC-3PO,456,1.0,2.2602346
maze_31.0,maze,maze,825,855,blocked_within_participant,VRC-3PO,456,1.0,2.6148548
maze_31.0,maze,maze,840,870,blocked_within_participant,VRC-3PO,456,1.0,2.097779
maze_31.0,maze,maze,855,885,blocked_within_participant,VRC-3PO,456,1.0,1.8983979
maze_31.0,maze,maze,870,900,blocked_within_participant,VRC-3PO,456,1.0,2.140004
maze_31.0,maze,maze,885,915,blocked_within_participant,VRC-3PO,456,1.0,2.2726421
maze_33.0,maze,maze,750,780,blocked_within_participant,VRC-3PO,456,3.0,1.5828658
maze_33.0,maze,maze,765,795,blocked_within_participant,VRC-3PO,456,3.0,1.144585
maze_33.0,maze,maze,780,810,blocked_within_participant,VRC-3PO,456,3.0,1.4940394
maze_33.0,maze,maze,795,825,blocked_within_participant,VRC-3PO,456,3.0,1.5138439
maze_33.0,maze,maze,810,840,blocked_within_participant,VRC-3PO,456,3.0,1.6070006
maze_33.0,maze,maze,825,855,blocked_within_participant,VRC-3PO,456,3.0,1.6027043
maze_33.0,maze,maze,840,870,blocked_within_participant,VRC-3PO,456,3.0,1.5534565
maze_33.0,maze,maze,855,885,blocked_within_participant,VRC-3PO,456,3.0,1.4836799
maze_33.0,maze,maze,870,900,blocked_within_participant,VRC-3PO,456,3.0,1.4236084
maze_33.0,maze,maze,885,915,blocked_within_participant,VRC-3PO,456,3.0,1.7240639
maze_34.0,maze,maze,810,840,blocked_within_participant,VRC-3PO,456,7.0,4.6449857
maze_34.0,maze,maze,825,855,blocked_within_participant,VRC-3PO,456,7.5,4.5740714
maze_34.0,maze,maze,840,870,blocked_within_participant,VRC-3PO,456,8.0,4.018693
maze_34.0,maze,maze,855,885,blocked_within_participant,VRC-3PO,456,8.0,5.376961
maze_34.0,maze,maze,870,900,blocked_within_participant,VRC-3PO,456,8.0,4.341292
maze_34.0,maze,maze,885,915,blocked_within_participant,VRC-3PO,456,8.0,4.306988
maze_34.0,maze,maze,900,930,blocked_within_participant,VRC-3PO,456,8.0,4.2085643
maze_34.0,maze,maze,915,945,blocked_within_participant,VRC-3PO,456,8.0,5.245443
maze_34.0,maze,maze,930,960,blocked_within_participant,VRC-3PO,456,8.0,4.504046
maze_34.0,maze,maze,945,975,blocked_within_participant,VRC-3PO,456,8.0,5.0336657
maze_34.0,maze,maze,960,990,blocked_within_participant,VRC-3PO,456,8.0,4.329415
maze_35.0,maze,maze,750,780,blocked_within_participant,VRC-3PO,456,2.0,2.074221
maze_35.0,maze,maze,765,795,blocked_within_participant,VRC-3PO,456,2.0,2.01843
maze_35.0,maze,maze,780,810,blocked_within_participant,VRC-3PO,456,2.0,2.1838408
maze_35.0,maze,maze,795,825,blocked_within_participant,VRC-3PO,456,2.0,2.047197
maze_35.0,maze,maze,810,840,blocked_within_participant,VRC-3PO,456,2.0,1.9445125
maze_35.0,maze,maze,825,855,blocked_within_participant,VRC-3PO,456,2.0,2.1050935
maze_35.0,maze,maze,840,870,blocked_within_participant,VRC-3PO,456,2.0,1.8123472
maze_35.0,maze,maze,855,885,blocked_within_participant,VRC-3PO,456,2.0,1.9480478
maze_35.0,maze,maze,870,900,blocked_within_participant,VRC-3PO,456,2.0,2.167438
maze_35.0,maze,maze,885,915,blocked_within_participant,VRC-3PO,456,2.0,1.8649044
maze_37.0,maze,maze,750,780,blocked_within_participant,VRC-3PO,456,1.0,1.7691414
maze_37.0,maze,maze,765,795,blocked_within_participant,VRC-3PO,456,1.0,1.8674535
maze_37.0,maze,maze,780,810,blocked_within_participant,VRC-3PO,456,1.0,1.141426
maze_37.0,maze,maze,795,825,blocked_within_participant,VRC-3PO,456,1.0,1.3881255
maze_37.0,maze,maze,810,840,blocked_within_participant,VRC-3PO,456,1.0,1.199785
maze_37.0,maze,maze,825,855,blocked_within_participant,VRC-3PO,456,1.0,1.5260677
maze_37.0,maze,maze,840,870,blocked_within_participant,VRC-3PO,456,1.0,1.7360213
maze_37.0,maze,maze,855,885,blocked_within_participant,VRC-3PO,456,1.0,1.2713368
maze_37.0,maze,maze,870,900,blocked_within_participant,VRC-3PO,456,1.0,1.4454367
maze_37.0,maze,maze,885,915,blocked_within_participant,VRC-3PO,456,1.0,1.4281878
maze_38.0,maze,maze,750,780,blocked_within_participant,VRC-3PO,456,4.0,3.1837878
maze_38.0,maze,maze,765,795,blocked_within_participant,VRC-3PO,456,3.5,3.3868432
maze_38.0,maze,maze,780,810,blocked_within_participant,VRC-3PO,456,3.0,3.367701
maze_38.0,maze,maze,795,825,blocked_within_participant,VRC-3PO,456,3.0,3.5992389
maze_38.0,maze,maze,810,840,blocked_within_participant,VRC-3PO,456,3.0,3.8233008
maze_38.0,maze,maze,825,855,blocked_within_participant,VRC-3PO,456,3.0,2.895184
maze_38.0,maze,maze,840,870,blocked_within_participant,VRC-3PO,456,3.0,2.9413533
maze_38.0,maze,maze,855,885,blocked_within_participant,VRC-3PO,456,3.0,3.592754
maze_38.0,maze,maze,870,900,blocked_within_participant,VRC-3PO,456,3.0,3.1192927
maze_38.0,maze,maze,885,915,blocked_within_participant,VRC-3PO,456,3.0,2.9328094
maze_39.0,maze,maze,750,780,blocked_within_participant,VRC-3PO,456,7.0,4.537191
maze_39.0,maze,maze,765,795,blocked_within_participant,VRC-3PO,456,7.0,3.7431607
maze_39.0,maze,maze,780,810,blocked_within_participant,VRC-3PO,456,7.0,3.6247864
maze_39.0,maze,maze,795,825,blocked_within_participant,VRC-3PO,456,7.0,3.6074095
maze_39.0,maze,maze,810,840,blocked_within_participant,VRC-3PO,456,7.0,3.931199
maze_39.0,maze,maze,825,855,blocked_within_participant,VRC-3PO,456,7.0,4.6072674
maze_39.0,maze,maze,840,870,blocked_within_participant,VRC-3PO,456,7.0,4.412507
maze_39.0,maze,maze,855,885,blocked_within_participant,VRC-3PO,456,7.0,3.8508759
maze_39.0,maze,maze,870,900,blocked_within_participant,VRC-3PO,456,7.0,3.6316109
maze_39.0,maze,maze,885,915,blocked_within_participant,VRC-3PO,456,7.0,4.054036
maze_4.0,maze,maze,810,840,blocked_within_participant,VRC-3PO,456,3.0,1.8608079
maze_4.0,maze,maze,825,855,blocked_within_participant,VRC-3PO,456,3.0,1.4048343
maze_4.0,maze,maze,840,870,blocked_within_participant,VRC-3PO,456,3.0,1.4874694
maze_4.0,maze,maze,855,885,blocked_within_participant,VRC-3PO,456,3.0,1.5636169
maze_4.0,maze,maze,870,900,blocked_within_participant,VRC-3PO,456,3.0,1.6497253
maze_4.0,maze,maze,885,915,blocked_within_participant,VRC-3PO,456,3.0,1.6298628
maze_4.0,maze,maze,900,930,blocked_within_participant,VRC-3PO,456,3.0,1.4575278
maze_4.0,maze,maze,915,945,blocked_within_participant,VRC-3PO,456,3.0,1.7911775
maze_4.0,maze,maze,930,960,blocked_within_participant,VRC-3PO,456,3.0,1.5383487
maze_4.0,maze,maze,945,975,blocked_within_participant,VRC-3PO,456,3.0,1.2983396
maze_4.0,maze,maze,960,990,blocked_within_participant,VRC-3PO,456,3.0,1.1204276
maze_40.0,maze,maze,765,795,blocked_within_participant,VRC-3PO,456,1.0,1.6352899
maze_40.0,maze,maze,780,810,blocked_within_participant,VRC-3PO,456,1.0,1.4277477
maze_40.0,maze,maze,795,825,blocked_within_participant,VRC-3PO,456,1.0,2.868816
maze_40.0,maze,maze,810,840,blocked_within_participant,VRC-3PO,456,1.0,2.0422728
maze_40.0,maze,maze,825,855,blocked_within_participant,VRC-3PO,456,1.0,1.5300848
maze_40.0,maze,maze,840,870,blocked_within_participant,VRC-3PO,456,1.0,2.071074
maze_40.0,maze,maze,855,885,blocked_within_participant,VRC-3PO,456,1.0,1.9398675
maze_40.0,maze,maze,870,900,blocked_within_participant,VRC-3PO,456,1.0,3.1439824
maze_40.0,maze,maze,885,915,blocked_within_participant,VRC-3PO,456,1.0,2.2009032
maze_40.0,maze,maze,900,930,blocked_within_participant,VRC-3PO,456,1.0,1.5253718
maze_5.0,maze,maze,780,810,blocked_within_participant,VRC-3PO,456,1.0,1.2998835
maze_5.0,maze,maze,795,825,blocked_within_participant,VRC-3PO,456,1.0,1.2738813
maze_5.0,maze,maze,810,840,blocked_within_participant,VRC-3PO,456,1.0,1.3253018
maze_5.0,maze,maze,825,855,blocked_within_participant,VRC-3PO,456,1.0,1.3941643
maze_5.0,maze,maze,840,870,blocked_within_participant,VRC-3PO,456,1.0,1.3237398
maze_5.0,maze,maze,855,885,blocked_within_participant,VRC-3PO,456,1.0,1.2786636
maze_5.0,maze,maze,870,900,blocked_within_participant,VRC-3PO,456,1.0,1.3126819
maze_5.0,maze,maze,885,915,blocked_within_participant,VRC-3PO,456,1.0,1.2443216
maze_5.0,maze,maze,900,930,blocked_within_participant,VRC-3PO,456,1.0,1.4362203
maze_5.0,maze,maze,915,945,blocked_within_participant,VRC-3PO,456,1.0,1.303635
maze_6.0,maze,maze,750,780,blocked_within_participant,VRC-3PO,456,3.0,2.6438792
maze_6.0,maze,maze,765,795,blocked_within_participant,VRC-3PO,456,3.5,3.4063447
maze_6.0,maze,maze,780,810,blocked_within_participant,VRC-3PO,456,4.0,2.2412953
maze_6.0,maze,maze,795,825,blocked_within_participant,VRC-3PO,456,4.0,3.1815479
maze_6.0,maze,maze,810,840,blocked_within_participant,VRC-3PO,456,4.0,2.6638002
maze_6.0,maze,maze,825,855,blocked_within_participant,VRC-3PO,456,4.0,3.0560656
maze_6.0,maze,maze,840,870,blocked_within_participant,VRC-3PO,456,4.0,2.7556124
maze_6.0,maze,maze,855,885,blocked_within_participant,VRC-3PO,456,4.0,2.610857
maze_6.0,maze,maze,870,900,blocked_within_participant,VRC-3PO,456,4.0,2.737588
maze_6.0,maze,maze,885,915,blocked_within_participant,VRC-3PO,456,4.0,2.5379925
maze_7.0,maze,maze,750,780,blocked_within_participant,VRC-3PO,456,4.0,1.8158038
maze_7.0,maze,maze,765,795,blocked_within_participant,VRC-3PO,456,4.0,1.9951582
maze_7.0,maze,maze,780,810,blocked_within_participant,VRC-3PO,456,4.0,1.8245537
maze_7.0,maze,maze,795,825,blocked_within_participant,VRC-3PO,456,4.0,1.7921236
maze_7.0,maze,maze,810,840,blocked_within_participant,VRC-3PO,456,4.0,3.4433923
maze_7.0,maze,maze,825,855,blocked_within_participant,VRC-3PO,456,4.0,3.0030284
maze_7.0,maze,maze,840,870,blocked_within_participant,VRC-3PO,456,4.0,3.2047644
maze_7.0,maze,maze,855,885,blocked_within_participant,VRC-3PO,456,4.0,3.282364
maze_7.0,maze,maze,870,900,blocked_within_participant,VRC-3PO,456,4.0,3.3565192
maze_7.0,maze,maze,885,915,blocked_within_participant,VRC-3PO,456,4.0,3.0021577
maze_8.0,maze,maze,750,780,blocked_within_participant,VRC-3PO,456,2.0,2.1309175
maze_8.0,maze,maze,765,795,blocked_within_participant,VRC-3PO,456,1.5,2.250697
maze_8.0,maze,maze,780,810,blocked_within_participant,VRC-3PO,456,1.0,2.170149
maze_8.0,maze,maze,795,825,blocked_within_participant,VRC-3PO,456,1.0,1.9788815
maze_8.0,maze,maze,810,840,blocked_within_participant,VRC-3PO,456,1.0,1.9023309
maze_8.0,maze,maze,825,855,blocked_within_participant,VRC-3PO,456,1.0,2.3314526
maze_8.0,maze,maze,840,870,blocked_within_participant,VRC-3PO,456,1.0,1.7767454
maze_8.0,maze,maze,855,885,blocked_within_participant,VRC-3PO,456,1.0,2.4196703
maze_8.0,maze,maze,870,900,blocked_within_participant,VRC-3PO,456,1.0,1.9483626
maze_8.0,maze,maze,885,915,blocked_within_participant,VRC-3PO,456,1.0,1.866205
maze_9.0,maze,maze,780,810,blocked_within_participant,VRC-3PO,456,1.0,1.7559959
maze_9.0,maze,maze,795,825,blocked_within_participant,VRC-3PO,456,1.0,2.274536
maze_9.0,maze,maze,810,840,blocked_within_participant,VRC-3PO,456,1.0,1.9814625
maze_9.0,maze,maze,825,855,blocked_within_participant,VRC-3PO,456,1.0,2.2812614
maze_9.0,maze,maze,840,870,blocked_within_participant,VRC-3PO,456,1.0,2.0590065
maze_9.0,maze,maze,855,885,blocked_within_participant,VRC-3PO,456,1.0,1.8290558
maze_9.0,maze,maze,870,900,blocked_within_participant,VRC-3PO,456,1.0,1.9573455
maze_9.0,maze,maze,885,915,blocked_within_participant,VRC-3PO,456,1.0,2.162756
maze_9.0,maze,maze,900,930,blocked_within_participant,VRC-3PO,456,1.0,1.9582884
maze_9.0,maze,maze,915,945,blocked_within_participant,VRC-3PO,456,1.0,2.0123107
simulations_1.0,beach,simulations,360,390,blocked_within_participant,VRC-3PO,456,2.0,0.77488697
simulations_1.0,beach,simulations,375,405,blocked_within_participant,VRC-3PO,456,2.0,0.7980325
simulations_1.0,beach,simulations,390,420,blocked_within_participant,VRC-3PO,456,2.0,0.7061846
simulations_1.0,roller,simulations,360,390,blocked_within_participant,VRC-3PO,456,2.0,3.4326684
simulations_1.0,roller,simulations,375,405,blocked_within_participant,VRC-3PO,456,2.0,2.3989427
simulations_1.0,roller,simulations,390,420,blocked_within_participant,VRC-3PO,456,2.0,2.642045
simulations_1.0,room,simulations,360,390,blocked_within_participant,VRC-3PO,456,0.0,0.88878655
simulations_1.0,room,simulations,375,405,blocked_within_participant,VRC-3PO,456,0.0,0.80622447
simulations_1.0,room,simulations,390,420,blocked_within_participant,VRC-3PO,456,0.0,1.2808607
simulations_1.0,sea,simulations,360,390,blocked_within_participant,VRC-3PO,456,0.0,1.7552743
simulations_1.0,sea,simulations,375,405,blocked_within_participant,VRC-3PO,456,0.0,2.4250085
simulations_1.0,sea,simulations,390,420,blocked_within_participant,VRC-3PO,456,0.0,2.13756
simulations_1.0,walk,simulations,360,390,blocked_within_participant,VRC-3PO,456,1.0,0.7380338
simulations_1.0,walk,simulations,375,405,blocked_within_participant,VRC-3PO,456,1.0,0.66233253
simulations_1.0,walk,simulations,390,420,blocked_within_participant,VRC-3PO,456,1.0,0.6701963
simulations_10.0,beach,simulations,330,360,blocked_within_participant,VRC-3PO,456,0.73333335,0.89074135
simulations_10.0,beach,simulations,345,375,blocked_within_participant,VRC-3PO,456,0.23333333,0.905267
simulations_10.0,beach,simulations,360,390,blocked_within_participant,VRC-3PO,456,0.0,0.88306206
simulations_10.0,room,simulations,330,360,blocked_within_participant,VRC-3PO,456,1.7333333,0.6739942
simulations_10.0,room,simulations,345,375,blocked_within_participant,VRC-3PO,456,1.2333333,0.68910515
simulations_10.0,room,simulations,360,390,blocked_within_participant,VRC-3PO,456,1.0,0.8648987
simulations_10.0,sea,simulations,330,360,blocked_within_participant,VRC-3PO,456,4.4666667,1.5587256
simulations_10.0,sea,simulations,345,375,blocked_within_participant,VRC-3PO,456,3.4666667,1.4097017
simulations_10.0,sea,simulations,360,390,blocked_within_participant,VRC-3PO,456,3.0,1.5086824
simulations_10.0,walk,simulations,330,360,blocked_within_participant,VRC-3PO,456,0.0,0.8121258
simulations_10.0,walk,simulations,345,375,blocked_within_participant,VRC-3PO,456,0.0,0.8430957
simulations_10.0,walk,simulations,360,390,blocked_within_participant,VRC-3PO,456,0.0,0.9481803
simulations_11.0,beach,simulations,330,360,blocked_within_participant,VRC-3PO,456,0.0,0.73600745
simulations_11.0,beach,simulations,345,375,blocked_within_participant,VRC-3PO,456,0.0,0.7511955
simulations_11.0,beach,simulations,360,390,blocked_within_participant,VRC-3PO,456,0.0,0.7070423
simulations_11.0,roller,simulations,330,360,blocked_within_participant,VRC-3PO,456,5.0,3.1591964
simulations_11.0,roller,simulations,345,375,blocked_within_participant,VRC-3PO,456,5.0,2.1777256
simulations_11.0,roller,simulations,360,390,blocked_within_participant,VRC-3PO,456,5.2,1.715571
simulations_11.0,room,simulations,330,360,blocked_within_participant,VRC-3PO,456,0.0,0.791211
simulations_11.0,room,simulations,345,375,blocked_within_participant,VRC-3PO,456,0.0,0.77890694
simulations_11.0,room,simulations,360,390,blocked_within_participant,VRC-3PO,456,0.0,0.9802021
simulations_11.0,sea,simulations,330,360,blocked_within_participant,VRC-3PO,456,0.0,0.75137573
simulations_11.0,sea,simulations,345,375,blocked_within_participant,VRC-3PO,456,0.0,0.7882447
simulations_11.0,sea,simulations,360,390,blocked_within_participant,VRC-3PO,456,0.0,0.819876
simulations_11.0,walk,simulations,330,360,blocked_within_participant,VRC-3PO,456,1.0,0.7404491
simulations_11.0,walk,simulations,345,375,blocked_within_participant,VRC-3PO,456,1.0,0.78833467
simulations_11.0,walk,simulations,360,390,blocked_within_participant,VRC-3PO,456,1.0,0.7832577
simulations_12.0,beach,simulations,360,390,blocked_within_participant,VRC-3PO,456,0.0,0.8003058
simulations_12.0,beach,simulations,375,405,blocked_within_participant,VRC-3PO,456,0.0,0.83885336
simulations_12.0,beach,simulations,390,420,blocked_within_participant,VRC-3PO,456,0.0,0.97796
simulations_12.0,room,simulations,360,390,blocked_within_participant,VRC-3PO,456,0.0,0.9138888
simulations_12.0,room,simulations,375,405,blocked_within_participant,VRC-3PO,456,0.0,0.89580375
simulations_12.0,room,simulations,390,420,blocked_within_participant,VRC-3PO,456,0.0,0.78338844
simulations_12.0,sea,simulations,360,390,blocked_within_participant,VRC-3PO,456,5.0,1.2702405
simulations_12.0,sea,simulations,375,405,blocked_within_participant,VRC-3PO,456,5.0,2.5864663
simulations_12.0,sea,simulations,390,420,blocked_within_participant,VRC-3PO,456,5.0,2.3720706
simulations_12.0,walk,simulations,360,390,blocked_within_participant,VRC-3PO,456,0.0,0.6715356
simulations_12.0,walk,simulations,375,405,blocked_within_participant,VRC-3PO,456,0.0,0.6625389
simulations_12.0,walk,simulations,390,420,blocked_within_participant,VRC-3PO,456,0.0,0.70385575
simulations_13.0,beach,simulations,360,390,blocked_within_participant,VRC-3PO,456,1.0,0.7157655
simulations_13.0,beach,simulations,375,405,blocked_within_participant,VRC-3PO,456,1.0,0.73341036
simulations_13.0,beach,simulations,390,420,blocked_within_participant,VRC-3PO,456,1.0,0.74635553
simulations_13.0,roller,simulations,360,390,blocked_within_participant,VRC-3PO,456,1.0,3.466098
simulations_13.0,roller,simulations,375,405,blocked_within_participant,VRC-3PO,456,1.0,2.3081093
simulations_13.0,roller,simulations,390,420,blocked_within_participant,VRC-3PO,456,1.0,2.758134
simulations_13.0,room,simulations,360,390,blocked_within_participant,VRC-3PO,456,1.0,0.76899797
simulations_13.0,room,simulations,375,405,blocked_within_participant,VRC-3PO,456,1.0,0.7164794
simulations_13.0,room,simulations,390,420,blocked_within_participant,VRC-3PO,456,1.0,0.8929044
simulations_13.0,sea,simulations,255,285,blocked_within_participant,VRC-3PO,456,2.0,2.1789582
simulations_13.0,sea,simulations,270,300,blocked_within_participant,VRC-3PO,456,2.0,1.7684889
simulations_13.0,walk,simulations,345,375,blocked_within_participant,VRC-3PO,456,1.0,0.71341753
simulations_13.0,walk,simulations,360,390,blocked_within_participant,VRC-3PO,456,1.0,0.7284075
simulations_13.0,walk,simulations,375,405,blocked_within_participant,VRC-3PO,456,1.0,0.7578485
simulations_14.0,beach,simulations,330,360,blocked_within_participant,VRC-3PO,456,0.0,0.79105246
simulations_14.0,beach,simulations,345,375,blocked_within_participant,VRC-3PO,456,0.0,0.7616739
simulations_14.0,beach,simulations,360,390,blocked_within_participant,VRC-3PO,456,0.0,0.7791612
simulations_14.0,roller,simulations,330,360,blocked_within_participant,VRC-3PO,456,1.0,3.5874178
simulations_14.0,roller,simulations,345,375,blocked_within_participant,VRC-3PO,456,1.0,2.4365537
simulations_14.0,roller,simulations,360,390,blocked_within_participant,VRC-3PO,456,1.0,1.8308363
simulations_14.0,room,simulations,330,360,blocked_within_participant,VRC-3PO,456,0.0,0.78792185
simulations_14.0,room,simulations,345,375,blocked_within_participant,VRC-3PO,456,0.0,0.7493515
simulations_14.0,room,simulations,360,390,blocked_within_participant,VRC-3PO,456,0.0,0.6938428
simulations_14.0,sea,simulations,330,360,blocked_within_participant,VRC-3PO,456,0.0,1.7466011
simulations_14.0,sea,simulations,345,375,blocked_within_participant,VRC-3PO,456,0.0,1.8518602
simulations_14.0,sea,simulations,360,390,blocked_within_participant,VRC-3PO,456,0.0,1.8738073
simulations_14.0,walk,simulations,330,360,blocked_within_participant,VRC-3PO,456,0.0,0.8263395
simulations_14.0,walk,simulations,345,375,blocked_within_participant,VRC-3PO,456,0.0,0.83773303
simulations_14.0,walk,simulations,360,390,blocked_within_participant,VRC-3PO,456,0.0,0.7389816
simulations_15.0,beach,simulations,360,390,blocked_within_participant,VRC-3PO,456,0.0,0.6032003
simulations_15.0,beach,simulations,375,405,blocked_within_participant,VRC-3PO,456,0.0,0.6746952
simulations_15.0,beach,simulations,390,420,blocked_within_participant,VRC-3PO,456,0.0,0.66761005
simulations_15.0,roller,simulations,360,390,blocked_within_participant,VRC-3PO,456,1.0,3.9697008
simulations_15.0,roller,simulations,375,405,blocked_within_participant,VRC-3PO,456,1.0,2.3904445
simulations_15.0,roller,simulations,390,420,blocked_within_participant,VRC-3PO,456,1.0,3.6278563
simulations_15.0,room,simulations,360,390,blocked_within_participant,VRC-3PO,456,0.0,0.6577119
simulations_15.0,room,simulations,375,405,blocked_within_participant,VRC-3PO,456,0.0,0.71352756
simulations_15.0,room,simulations,390,420,blocked_within_participant,VRC-3PO,456,0.0,0.7317658
simulations_15.0,sea,simulations,360,390,blocked_within_participant,VRC-3PO,456,2.0,1.1220739
simulations_15.0,sea,simulations,375,405,blocked_within_participant,VRC-3PO,456,2.0,1.3136312
simulations_15.0,sea,simulations,390,420,blocked_within_participant,VRC-3PO,456,2.0,1.5115976
simulations_15.0,walk,simulations,360,390,blocked_within_participant,VRC-3PO,456,0.0,0.7321142
simulations_15.0,walk,simulations,375,405,blocked_within_participant,VRC-3PO,456,0.0,0.7868992
simulations_15.0,walk,simulations,390,420,blocked_within_participant,VRC-3PO,456,0.0,0.74673855
simulations_16.0,beach,simulations,360,390,blocked_within_participant,VRC-3PO,456,0.0,0.82908607
simulations_16.0,beach,simulations,375,405,blocked_within_participant,VRC-3PO,456,0.0,0.8595924
simulations_16.0,beach,simulations,390,420,blocked_within_participant,VRC-3PO,456,0.0,0.65783584
simulations_16.0,roller,simulations,360,390,blocked_within_participant,VRC-3PO,456,1.0,3.6803403
simulations_16.0,roller,simulations,375,405,blocked_within_participant,VRC-3PO,456,1.0,2.8145986
simulations_16.0,roller,simulations,390,420,blocked_within_participant,VRC-3PO,456,1.0,3.4221644
simulations_16.0,room,simulations,360,390,blocked_within_participant,VRC-3PO,456,0.0,0.6618321
simulations_16.0,room,simulations,375,405,blocked_within_participant,VRC-3PO,456,0.0,0.69653225
simulations_16.0,room,simulations,390,420,blocked_within_participant,VRC-3PO,456,0.0,0.718893
simulations_16.0,sea,simulations,360,390,blocked_within_participant,VRC-3PO,456,0.0,1.5486608
simulations_16.0,sea,simulations,375,405,blocked_within_participant,VRC-3PO,456,0.0,2.279315
simulations_16.0,sea,simulations,390,420,blocked_within_participant,VRC-3PO,456,0.0,3.1582665
simulations_16.0,walk,simulations,360,390,blocked_within_participant,VRC-3PO,456,0.0,1.0018721
simulations_16.0,walk,simulations,375,405,blocked_within_participant,VRC-3PO,456,0.0,0.6772826
simulations_16.0,walk,simulations,390,420,blocked_within_participant,VRC-3PO,456,0.0,0.76917994
simulations_17.0,beach,simulations,285,315,blocked_within_participant,VRC-3PO,456,0.0,0.7897229
simulations_17.0,beach,simulations,300,330,blocked_within_participant,VRC-3PO,456,0.0,0.7515
simulations_17.0,room,simulations,330,360,blocked_within_participant,VRC-3PO,456,0.0,0.6734977
simulations_17.0,room,simulations,345,375,blocked_within_participant,VRC-3PO,456,0.0,0.7062489
simulations_17.0,room,simulations,360,390,blocked_within_participant,VRC-3PO,456,0.0,0.7967087
simulations_17.0,sea,simulations,330,360,blocked_within_participant,VRC-3PO,456,0.0,2.4198089
simulations_17.0,sea,simulations,345,375,blocked_within_participant,VRC-3PO,456,0.0,1.9470022
simulations_17.0,sea,simulations,360,390,blocked_within_participant,VRC-3PO,456,0.0,1.8715689
simulations_17.0,walk,simulations,330,360,blocked_within_participant,VRC-3PO,456,0.0,1.1689672
simulations_17.0,walk,simulations,345,375,blocked_within_participant,VRC-3PO,456,0.0,1.0297687
simulations_17.0,walk,simulations,360,390,blocked_within_participant,VRC-3PO,456,0.0,0.712147
simulations_18.0,beach,simulations,360,390,blocked_within_participant,VRC-3PO,456,0.0,0.70397335
simulations_18.0,beach,simulations,375,405,blocked_within_participant,VRC-3PO,456,0.0,0.7325983
simulations_18.0,beach,simulations,390,420,blocked_within_participant,VRC-3PO,456,0.0,0.72692907
simulations_18.0,roller,simulations,360,390,blocked_within_participant,VRC-3PO,456,0.0,3.798068
simulations_18.0,roller,simulations,375,405,blocked_within_participant,VRC-3PO,456,0.0,3.0887194
simulations_18.0,roller,simulations,390,420,blocked_within_participant,VRC-3PO,456,0.0,2.6655266
simulations_18.0,room,simulations,330,360,blocked_within_participant,VRC-3PO,456,0.0,0.81932425
simulations_18.0,room,simulations,345,375,blocked_within_participant,VRC-3PO,456,0.0,0.8251101
simulations_18.0,room,simulations,360,390,blocked_within_participant,VRC-3PO,456,0.0,0.72325695
simulations_18.0,sea,simulations,360,390,blocked_within_participant,VRC-3PO,456,2.0,1.7791188
simulations_18.0,sea,simulations,375,405,blocked_within_participant,VRC-3PO,456,2.0,1.8036749
simulations_18.0,sea,simulations,390,420,blocked_within_participant,VRC-3PO,456,2.0,1.8883213
simulations_18.0,walk,simulations,255,285,blocked_within_participant,VRC-3PO,456,0.0,0.7052164
simulations_18.0,walk,simulations,270,300,blocked_within_participant,VRC-3PO,456,0.0,0.69977826
simulations_19.0,beach,simulations,330,360,blocked_within_participant,VRC-3PO,456,0.0,0.89853776
simulations_19.0,beach,simulations,345,375,blocked_within_participant,VRC-3PO,456,0.0,0.88339007
simulations_19.0,beach,simulations,360,390,blocked_within_participant,VRC-3PO,456,0.0,0.7124839
simulations_19.0,roller,simulations,195,225,blocked_within_participant,VRC-3PO,456,0.0,2.538581
simulations_19.0,room,simulations,330,360,blocked_within_participant,VRC-3PO,456,0.0,0.69084007
simulations_19.0,room,simulations,345,375,blocked_within_participant,VRC-3PO,456,0.0,0.7033849
simulations_19.0,room,simulations,360,390,blocked_within_participant,VRC-3PO,456,0.0,0.74274373
simulations_19.0,sea,simulations,330,360,blocked_within_participant,VRC-3PO,456,0.0,0.74855655
simulations_19.0,sea,simulations,345,375,blocked_within_participant,VRC-3PO,456,0.0,0.66611445
simulations_19.0,sea,simulations,360,390,blocked_within_participant,VRC-3PO,456,0.0,0.6592263
simulations_19.0,walk,simulations,330,360,blocked_within_participant,VRC-3PO,456,0.0,0.7347139
simulations_19.0,walk,simulations,345,375,blocked_within_participant,VRC-3PO,456,0.0,0.75667673
simulations_19.0,walk,simulations,360,390,blocked_within_participant,VRC-3PO,456,0.0,0.73412323
simulations_2.0,beach,simulations,330,360,blocked_within_participant,VRC-3PO,456,0.0,0.8300456
simulations_2.0,beach,simulations,345,375,blocked_within_participant,VRC-3PO,456,0.0,0.76718724
simulations_2.0,beach,simulations,360,390,blocked_within_participant,VRC-3PO,456,0.0,0.8891024
simulations_2.0,roller,simulations,330,360,blocked_within_participant,VRC-3PO,456,2.7333333,3.8555756
simulations_2.0,roller,simulations,345,375,blocked_within_participant,VRC-3PO,456,2.2333333,3.239964
simulations_2.0,roller,simulations,360,390,blocked_within_participant,VRC-3PO,456,2.2,2.824286
simulations_2.0,room,simulations,330,360,blocked_within_participant,VRC-3PO,456,0.0,0.7033441
simulations_2.0,room,simulations,345,375,blocked_within_participant,VRC-3PO,456,0.0,0.91366994
simulations_2.0,room,simulations,360,390,blocked_within_participant,VRC-3PO,456,0.0,0.8807945
simulations_2.0,sea,simulations,330,360,blocked_within_participant,VRC-3PO,456,1.0,0.7161975
simulations_2.0,sea,simulations,345,375,blocked_within_participant,VRC-3PO,456,1.0,1.9330468
simulations_2.0,sea,simulations,360,390,blocked_within_participant,VRC-3PO,456,1.0,1.9702554
simulations_2.0,walk,simulations,330,360,blocked_within_participant,VRC-3PO,456,0.0,1.1131917
simulations_2.0,walk,simulations,345,375,blocked_within_participant,VRC-3PO,456,0.0,0.6550783
simulations_2.0,walk,simulations,360,390,blocked_within_participant,VRC-3PO,456,0.0,0.7040367
simulations_20.0,roller,simulations,330,360,blocked_within_participant,VRC-3PO,456,0.0,3.2064462
simulations_20.0,roller,simulations,345,375,blocked_within_participant,VRC-3PO,456,0.0,2.5433893
simulations_20.0,roller,simulations,360,390,blocked_within_participant,VRC-3PO,456,0.0,2.628559
simulations_20.0,room,simulations,330,360,blocked_within_participant,VRC-3PO,456,0.0,0.786523
simulations_20.0,room,simulations,345,375,blocked_within_participant,VRC-3PO,456,0.0,0.8857434
simulations_20.0,room,simulations,360,390,blocked_within_participant,VRC-3PO,456,0.0,0.94293356
simulations_20.0,sea,simulations,330,360,blocked_within_participant,VRC-3PO,456,0.0,1.0412996
simulations_20.0,sea,simulations,345,375,blocked_within_participant,VRC-3PO,456,0.0,2.1409013
simulations_20.0,sea,simulations,360,390,blocked_within_participant,VRC-3PO,456,0.0,2.1755497
simulations_20.0,walk,simulations,330,360,blocked_within_participant,VRC-3PO,456,0.0,0.7967503
simulations_20.0,walk,simulations,345,375,blocked_within_participant,VRC-3PO,456,0.0,0.7613578
simulations_20.0,walk,simulations,360,390,blocked_within_participant,VRC-3PO,456,0.0,0.84131676
simulations_21.0,beach,simulations,315,345,blocked_within_participant,VRC-3PO,456,0.0,0.62773097
simulations_21.0,beach,simulations,330,360,blocked_within_participant,VRC-3PO,456,0.0,0.70285773
simulations_21.0,roller,simulations,330,360,blocked_within_participant,VRC-3PO,456,2.5333333,3.561409
simulations_21.0,roller,simulations,345,375,blocked_within_participant,VRC-3PO,456,3.5333333,2.5642354
simulations_21.0,roller,simulations,360,390,blocked_within_participant,VRC-3PO,456,4.4,2.7654786
simulations_21.0,room,simulations,330,360,blocked_within_participant,VRC-3PO,456,0.0,0.6837214
simulations_21.0,room,simulations,345,375,blocked_within_participant,VRC-3PO,456,0.0,0.68505025
simulations_21.0,room,simulations,360,390,blocked_within_participant,VRC-3PO,456,0.0,0.68547267
simulations_21.0,sea,simulations,330,360,blocked_within_participant,VRC-3PO,456,0.0,1.881417
simulations_21.0,sea,simulations,345,375,blocked_within_participant,VRC-3PO,456,0.0,1.6420786
simulations_21.0,sea,simulations,360,390,blocked_within_participant,VRC-3PO,456,0.0,1.6180465
simulations_21.0,walk,simulations,330,360,blocked_within_participant,VRC-3PO,456,0.0,0.7246047
simulations_21.0,walk,simulations,345,375,blocked_within_participant,VRC-3PO,456,0.0,0.73025787
simulations_21.0,walk,simulations,360,390,blocked_within_participant,VRC-3PO,456,0.0,0.74951375
simulations_22.0,beach,simulations,360,390,blocked_within_participant,VRC-3PO,456,0.0,0.6790434
simulations_22.0,beach,simulations,375,405,blocked_within_participant,VRC-3PO,456,0.0,0.8279079
simulations_22.0,beach,simulations,390,420,blocked_within_participant,VRC-3PO,456,0.0,0.70731187
simulations_22.0,roller,simulations,330,360,blocked_within_participant,VRC-3PO,456,0.0,4.925183
simulations_22.0,roller,simulations,345,375,blocked_within_participant,VRC-3PO,456,0.0,4.3004045
simulations_22.0,roller,simulations,360,390,blocked_within_participant,VRC-3PO,456,0.0,1.5692983
simulations_22.0,room,simulations,360,390,blocked_within_participant,VRC-3PO,456,0.0,0.7222945
simulations_22.0,room,simulations,375,405,blocked_within_participant,VRC-3PO,456,0.0,0.8800318
simulations_22.0,room,simulations,390,420,blocked_within_participant,VRC-3PO,456,0.0,0.8558406
simulations_22.0,sea,simulations,360,390,blocked_within_participant,VRC-3PO,456,2.0,1.3953974
simulations_22.0,sea,simulations,375,405,blocked_within_participant,VRC-3PO,456,2.0,1.3176135
simulations_22.0,sea,simulations,390,420,blocked_within_participant,VRC-3PO,456,2.0,1.2672032
simulations_22.0,walk,simulations,330,360,blocked_within_participant,VRC-3PO,456,0.0,0.7869299
simulations_22.0,walk,simulations,345,375,blocked_within_participant,VRC-3PO,456,0.0,0.7109858
simulations_22.0,walk,simulations,360,390,blocked_within_participant,VRC-3PO,456,0.0,0.85835636
simulations_23.0,beach,simulations,330,360,blocked_within_participant,VRC-3PO,456,3.7333333,0.66647565
simulations_23.0,beach,simulations,345,375,blocked_within_participant,VRC-3PO,456,3.2333333,0.697757
simulations_23.0,beach,simulations,360,390,blocked_within_participant,VRC-3PO,456,2.8,0.7580161
simulations_23.0,roller,simulations,330,360,blocked_within_participant,VRC-3PO,456,7.266667,3.4789329
simulations_23.0,roller,simulations,345,375,blocked_within_participant,VRC-3PO,456,7.766667,2.4354174
simulations_23.0,roller,simulations,360,390,blocked_within_participant,VRC-3PO,456,8.2,2.3145583
simulations_23.0,room,simulations,330,360,blocked_within_participant,VRC-3PO,456,0.0,0.93032885
simulations_23.0,room,simulations,345,375,blocked_within_participant,VRC-3PO,456,0.0,0.95048666
simulations_23.0,room,simulations,360,390,blocked_within_participant,VRC-3PO,456,0.0,0.76076174
simulations_23.0,sea,simulations,330,360,blocked_within_participant,VRC-3PO,456,8.0,1.9583762
simulations_23.0,sea,simulations,345,375,blocked_within_participant,VRC-3PO,456,8.0,2.1392443
simulations_23.0,sea,simulations,360,390,blocked_within_participant,VRC-3PO,456,8.0,2.311029
simulations_23.0,walk,simulations,330,360,blocked_within_participant,VRC-3PO,456,1.5333333,1.4390881
simulations_23.0,walk,simulations,345,375,blocked_within_participant,VRC-3PO,456,2.5333333,1.0398855
simulations_23.0,walk,simulations,360,390,blocked_within_participant,VRC-3PO,456,2.8,0.6884153
simulations_24.0,beach,simulations,255,285,blocked_within_participant,VRC-3PO,456,0.0,0.7367983
simulations_24.0,roller,simulations,360,390,blocked_within_participant,VRC-3PO,456,6.0,2.4045382
simulations_24.0,roller,simulations,375,405,blocked_within_participant,VRC-3PO,456,6.0,1.9692507
simulations_24.0,roller,simulations,390,420,blocked_within_participant,VRC-3PO,456,6.0,2.2366285
simulations_25.0,beach,simulations,345,375,blocked_within_participant,VRC-3PO,456,0.0,0.81949985
simulations_25.0,beach,simulations,360,390,blocked_within_participant,VRC-3PO,456,0.0,0.73365855
simulations_25.0,beach,simulations,375,405,blocked_within_participant,VRC-3PO,456,0.0,0.71212155
simulations_25.0,roller,simulations,360,390,blocked_within_participant,VRC-3PO,456,2.0,3.8005893
simulations_25.0,roller,simulations,375,405,blocked_within_participant,VRC-3PO,456,2.0,2.3644593
simulations_25.0,roller,simulations,390,420,blocked_within_participant,VRC-3PO,456,2.0,3.2066622
simulations_25.0,room,simulations,360,390,blocked_within_participant,VRC-3PO,456,1.0,0.82384443
simulations_25.0,room,simulations,375,405,blocked_within_participant,VRC-3PO,456,1.0,0.83986926
simulations_25.0,room,simulations,390,420,blocked_within_participant,VRC-3PO,456,1.0,0.7613218
simulations_25.0,sea,simulations,375,405,blocked_within_participant,VRC-3PO,456,1.0,1.4729891
simulations_25.0,sea,simulations,390,420,blocked_within_participant,VRC-3PO,456,1.0,1.7099586
simulations_25.0,sea,simulations,405,435,blocked_within_participant,VRC-3PO,456,1.0,1.6065526
simulations_25.0,sea,simulations,420,450,blocked_within_participant,VRC-3PO,456,1.0,1.1488546
simulations_25.0,walk,simulations,360,390,blocked_within_participant,VRC-3PO,456,1.0,0.7349538
simulations_25.0,walk,simulations,375,405,blocked_within_participant,VRC-3PO,456,1.0,0.69968414
simulations_25.0,walk,simulations,390,420,blocked_within_participant,VRC-3PO,456,1.0,0.72714895
simulations_3.0,beach,simulations,330,360,blocked_within_participant,VRC-3PO,456,3.0,0.767385
simulations_3.0,beach,simulations,345,375,blocked_within_participant,VRC-3PO,456,3.0,1.0555495
simulations_3.0,beach,simulations,360,390,blocked_within_participant,VRC-3PO,456,3.0,0.924259
simulations_3.0,roller,simulations,330,360,blocked_within_participant,VRC-3PO,456,7.733333,3.8397508
simulations_3.0,roller,simulations,345,375,blocked_within_participant,VRC-3PO,456,7.233333,3.3692508
simulations_3.0,roller,simulations,360,390,blocked_within_participant,VRC-3PO,456,6.8,3.231522
simulations_3.0,room,simulations,330,360,blocked_within_participant,VRC-3PO,456,0.0,0.6423609
simulations_3.0,room,simulations,345,375,blocked_within_participant,VRC-3PO,456,0.0,0.7664299
simulations_3.0,room,simulations,360,390,blocked_within_participant,VRC-3PO,456,0.0,0.80474424
simulations_3.0,sea,simulations,330,360,blocked_within_participant,VRC-3PO,456,5.0,1.2990227
simulations_3.0,sea,simulations,345,375,blocked_within_participant,VRC-3PO,456,5.0,1.7518122
simulations_3.0,sea,simulations,360,390,blocked_within_participant,VRC-3PO,456,4.8,2.0064118
simulations_3.0,walk,simulations,315,345,blocked_within_participant,VRC-3PO,456,1.1666666,1.7285299
simulations_3.0,walk,simulations,330,360,blocked_within_participant,VRC-3PO,456,1.0,1.344745
simulations_4.0,beach,simulations,330,360,blocked_within_participant,VRC-3PO,456,1.2666667,0.7002783
simulations_4.0,beach,simulations,345,375,blocked_within_participant,VRC-3PO,456,1.7666667,0.83455205
simulations_4.0,beach,simulations,360,390,blocked_within_participant,VRC-3PO,456,1.8,0.78112924
simulations_4.0,roller,simulations,330,360,blocked_within_participant,VRC-3PO,456,2.2666667,3.3821294
simulations_4.0,roller,simulations,345,375,blocked_within_participant,VRC-3PO,456,2.7666667,2.3175256
simulations_4.0,roller,simulations,360,390,blocked_within_participant,VRC-3PO,456,2.8,2.3402524
simulations_4.0,room,simulations,330,360,blocked_within_participant,VRC-3PO,456,0.0,0.8300605
simulations_4.0,room,simulations,345,375,blocked_within_participant,VRC-3PO,456,0.0,0.9245088
simulations_4.0,room,simulations,360,390,blocked_within_participant,VRC-3PO,456,0.0,0.7787502
simulations_4.0,sea,simulations,330,360,blocked_within_participant,VRC-3PO,456,2.0,1.3668486
simulations_4.0,sea,simulations,345,375,blocked_within_participant,VRC-3PO,456,2.0,1.0989473
simulations_4.0,sea,simulations,360,390,blocked_within_participant,VRC-3PO,456,2.0,0.87009656
simulations_4.0,walk,simulations,330,360,blocked_within_participant,VRC-3PO,456,0.73333335,0.9477372
simulations_4.0,walk,simulations,345,375,blocked_within_participant,VRC-3PO,456,0.23333333,1.2450271
simulations_4.0,walk,simulations,360,390,blocked_within_participant,VRC-3PO,456,0.2,0.8415375
simulations_5.0,beach,simulations,330,360,blocked_within_participant,VRC-3PO,456,0.0,0.7262239
simulations_5.0,beach,simulations,345,375,blocked_within_participant,VRC-3PO,456,0.0,0.72226554
simulations_5.0,beach,simulations,360,390,blocked_within_participant,VRC-3PO,456,0.0,0.7377814
simulations_5.0,roller,simulations,195,225,blocked_within_participant,VRC-3PO,456,0.033333335,2.8402178
simulations_5.0,room,simulations,330,360,blocked_within_participant,VRC-3PO,456,0.26666668,0.8352251
simulations_5.0,room,simulations,345,375,blocked_within_participant,VRC-3PO,456,0.76666665,0.78876734
simulations_5.0,room,simulations,360,390,blocked_within_participant,VRC-3PO,456,0.8,0.7015
simulations_5.0,sea,simulations,330,360,blocked_within_participant,VRC-3PO,456,0.26666668,3.388836
simulations_5.0,sea,simulations,345,375,blocked_within_participant,VRC-3PO,456,0.76666665,2.4312856
simulations_5.0,sea,simulations,360,390,blocked_within_participant,VRC-3PO,456,1.0,2.641323
simulations_5.0,walk,simulations,330,360,blocked_within_participant,VRC-3PO,456,0.26666668,0.78666264
simulations_5.0,walk,simulations,345,375,blocked_within_participant,VRC-3PO,456,0.76666665,0.6848936
simulations_5.0,walk,simulations,360,390,blocked_within_participant,VRC-3PO,456,1.0,0.6919717
simulations_6.0,beach,simulations,360,390,blocked_within_participant,VRC-3PO,456,2.0,0.7964605
simulations_6.0,beach,simulations,375,405,blocked_within_participant,VRC-3PO,456,2.0,0.7841711
simulations_6.0,beach,simulations,390,420,blocked_within_participant,VRC-3PO,456,2.0,0.7778745
simulations_6.0,roller,simulations,360,390,blocked_within_participant,VRC-3PO,456,2.0,3.8709364
simulations_6.0,roller,simulations,375,405,blocked_within_participant,VRC-3PO,456,2.0,2.9077656
simulations_6.0,roller,simulations,390,420,blocked_within_participant,VRC-3PO,456,2.0,2.9800615
simulations_6.0,room,simulations,360,390,blocked_within_participant,VRC-3PO,456,1.0,1.1507483
simulations_6.0,room,simulations,375,405,blocked_within_participant,VRC-3PO,456,1.0,0.7363558
simulations_6.0,room,simulations,390,420,blocked_within_participant,VRC-3PO,456,1.0,0.73697615
simulations_6.0,sea,simulations,375,405,blocked_within_participant,VRC-3PO,456,2.0,2.1903386
simulations_6.0,sea,simulations,390,420,blocked_within_participant,VRC-3PO,456,2.0,2.6440628
simulations_6.0,sea,simulations,405,435,blocked_within_participant,VRC-3PO,456,2.0,3.0905805
simulations_6.0,sea,simulations,420,450,blocked_within_participant,VRC-3PO,456,2.0,2.5571103
simulations_6.0,walk,simulations,360,390,blocked_within_participant,VRC-3PO,456,3.0,1.8351161
simulations_6.0,walk,simulations,375,405,blocked_within_participant,VRC-3PO,456,3.0,1.9355004
simulations_6.0,walk,simulations,390,420,blocked_within_participant,VRC-3PO,456,3.0,1.5800093
simulations_7.0,beach,simulations,360,390,blocked_within_participant,VRC-3PO,456,0.0,0.6945639
simulations_7.0,beach,simulations,375,405,blocked_within_participant,VRC-3PO,456,0.0,0.748456
simulations_7.0,beach,simulations,390,420,blocked_within_participant,VRC-3PO,456,0.0,0.72813976
simulations_7.0,room,simulations,360,390,blocked_within_participant,VRC-3PO,456,0.0,0.7154022
simulations_7.0,room,simulations,375,405,blocked_within_participant,VRC-3PO,456,0.0,0.7123799
simulations_7.0,room,simulations,390,420,blocked_within_participant,VRC-3PO,456,0.0,0.7756408
simulations_7.0,sea,simulations,210,240,blocked_within_participant,VRC-3PO,456,10.0,1.7512567
simulations_7.0,walk,simulations,330,360,blocked_within_participant,VRC-3PO,456,0.0,1.3685503
simulations_7.0,walk,simulations,345,375,blocked_within_participant,VRC-3PO,456,0.0,1.7165147
simulations_7.0,walk,simulations,360,390,blocked_within_participant,VRC-3PO,456,0.0,1.7224666
simulations_8.0,beach,simulations,330,360,blocked_within_participant,VRC-3PO,456,1.2666667,0.73742896
simulations_8.0,beach,simulations,345,375,blocked_within_participant,VRC-3PO,456,1.7666667,0.75820345
simulations_8.0,beach,simulations,360,390,blocked_within_participant,VRC-3PO,456,2.0,0.8154146
simulations_8.0,roller,simulations,330,360,blocked_within_participant,VRC-3PO,456,2.0,3.6477075
simulations_8.0,roller,simulations,345,375,blocked_within_participant,VRC-3PO,456,2.0,2.7799306
simulations_8.0,roller,simulations,360,390,blocked_within_participant,VRC-3PO,456,2.0,2.1475317
simulations_8.0,room,simulations,330,360,blocked_within_participant,VRC-3PO,456,2.0,0.7769795
simulations_8.0,room,simulations,345,375,blocked_within_participant,VRC-3PO,456,2.0,0.7204571
simulations_8.0,room,simulations,360,390,blocked_within_participant,VRC-3PO,456,2.0,0.7572415
simulations_8.0,sea,simulations,330,360,blocked_within_participant,VRC-3PO,456,2.0,0.743181
simulations_8.0,sea,simulations,345,375,blocked_within_participant,VRC-3PO,456,2.0,0.6709099
simulations_8.0,sea,simulations,360,390,blocked_within_participant,VRC-3PO,456,2.0,0.7023288
simulations_8.0,walk,simulations,330,360,blocked_within_participant,VRC-3PO,456,2.0,1.7452626
simulations_8.0,walk,simulations,345,375,blocked_within_participant,VRC-3PO,456,2.0,1.569239
simulations_8.0,walk,simulations,360,390,blocked_within_participant,VRC-3PO,456,2.2,1.0284492
simulations_9.0,beach,simulations,360,390,blocked_within_participant,VRC-3PO,456,0.0,0.8657383
simulations_9.0,beach,simulations,375,405,blocked_within_participant,VRC-3PO,456,0.0,0.86382914
simulations_9.0,beach,simulations,390,420,blocked_within_participant,VRC-3PO,456,0.0,0.88213325
simulations_9.0,roller,simulations,360,390,blocked_within_participant,VRC-3PO,456,5.0,3.7357318
simulations_9.0,roller,simulations,375,405,blocked_within_participant,VRC-3PO,456,5.0,2.6909304
simulations_9.0,roller,simulations,390,420,blocked_within_participant,VRC-3PO,456,5.0,3.7359378
simulations_9.0,room,simulations,360,390,blocked_within_participant,VRC-3PO,456,0.0,0.7026605
simulations_9.0,room,simulations,375,405,blocked_within_participant,VRC-3PO,456,0.0,0.7186172
simulations_9.0,room,simulations,390,420,blocked_within_participant,VRC-3PO,456,0.0,0.57572067
simulations_9.0,sea,simulations,375,405,blocked_within_participant,VRC-3PO,456,3.0,1.3421987
simulations_9.0,sea,simulations,390,420,blocked_within_participant,VRC-3PO,456,3.0,1.4236383
simulations_9.0,sea,simulations,405,435,blocked_within_participant,VRC-3PO,456,3.0,1.5112855
simulations_9.0,sea,simulations,420,450,blocked_within_participant,VRC-3PO,456,3.0,1.803792
simulations_9.0,walk,simulations,360,390,blocked_within_participant,VRC-3PO,456,0.0,2.2375913
simulations_9.0,walk,simulations,375,405,blocked_within_participant,VRC-3PO,456,0.0,2.0667422
simulations_9.0,walk,simulations,390,420,blocked_within_participant,VRC-3PO,456,0.0,1.9546342
terrain_101.0,flat,terrain,255,285,blocked_within_participant,VRC-3PO,456,1.0,1.6469823
terrain_101.0,flat,terrain,270,300,blocked_within_participant,VRC-3PO,456,1.0,1.5921785
terrain_101.0,noise,terrain,255,285,blocked_within_participant,VRC-3PO,456,1.0,2.0871134
terrain_101.0,noise,terrain,270,300,blocked_within_participant,VRC-3PO,456,1.0,2.8718543
terrain_101.0,speedbumps,terrain,255,285,blocked_within_participant,VRC-3PO,456,1.0,1.3093631
terrain_101.0,speedbumps,terrain,270,300,blocked_within_participant,VRC-3PO,456,1.0,0.9719205
terrain_102.0,flat,terrain,255,285,blocked_within_participant,VRC-3PO,456,1.0,1.7354847
terrain_102.0,flat,terrain,270,300,blocked_within_participant,VRC-3PO,456,1.0,2.451623
terrain_102.0,noise,terrain,255,285,blocked_within_participant,VRC-3PO,456,1.5,2.704723
terrain_102.0,noise,terrain,270,300,blocked_within_participant,VRC-3PO,456,2.0,2.5981262
terrain_102.0,speedbumps,terrain,255,285,blocked_within_participant,VRC-3PO,456,1.0,2.3640566
terrain_102.0,speedbumps,terrain,270,300,blocked_within_participant,VRC-3PO,456,1.0,2.1590881
terrain_103.0,flat,terrain,255,285,blocked_within_participant,VRC-3PO,456,1.0,1.3880796
terrain_103.0,flat,terrain,270,300,blocked_within_participant,VRC-3PO,456,1.0,1.7894921
terrain_103.0,noise,terrain,255,285,blocked_within_participant,VRC-3PO,456,1.0,2.2596104
terrain_103.0,noise,terrain,270,300,blocked_within_participant,VRC-3PO,456,1.0,2.2735574
terrain_103.0,speedbumps,terrain,255,285,blocked_within_participant,VRC-3PO,456,1.0,2.0938501
terrain_103.0,speedbumps,terrain,270,300,blocked_within_participant,VRC-3PO,456,1.0,2.0564184
terrain_104.0,flat,terrain,255,285,blocked_within_participant,VRC-3PO,456,2.5,1.7574589
terrain_104.0,flat,terrain,270,300,blocked_within_participant,VRC-3PO,456,3.0,1.2613497
terrain_104.0,noise,terrain,255,285,blocked_within_participant,VRC-3PO,456,4.5,2.4632564
terrain_104.0,noise,terrain,270,300,blocked_within_participant,VRC-3PO,456,5.0,2.6369574
terrain_104.0,speedbumps,terrain,255,285,blocked_within_participant,VRC-3PO,456,4.0,2.249899
terrain_104.0,speedbumps,terrain,270,300,blocked_within_participant,VRC-3PO,456,4.0,2.718541
terrain_105.0,flat,terrain,255,285,blocked_within_participant,VRC-3PO,456,2.0,2.496728
terrain_105.0,flat,terrain,270,300,blocked_within_participant,VRC-3PO,456,2.0,2.0159276
terrain_105.0,noise,terrain,255,285,blocked_within_participant,VRC-3PO,456,3.5,3.0258074
terrain_105.0,noise,terrain,270,300,blocked_within_participant,VRC-3PO,456,4.0,3.049706
terrain_105.0,speedbumps,terrain,255,285,blocked_within_participant,VRC-3PO,456,3.0,1.733429
terrain_105.0,speedbumps,terrain,270,300,blocked_within_participant,VRC-3PO,456,3.0,2.0448685
terrain_106.0,flat,terrain,255,285,blocked_within_participant,VRC-3PO,456,1.0,1.5537851
terrain_106.0,flat,terrain,270,300,blocked_within_participant,VRC-3PO,456,1.0,1.5264775
terrain_106.0,noise,terrain,255,285,blocked_within_participant,VRC-3PO,456,2.0,2.2916453
terrain_106.0,noise,terrain,270,300,blocked_within_participant,VRC-3PO,456,2.0,2.3232207
terrain_106.0,speedbumps,terrain,255,285,blocked_within_participant,VRC-3PO,456,1.0,2.0287728
terrain_106.0,speedbumps,terrain,270,300,blocked_within_participant,VRC-3PO,456,1.0,2.2464042
terrain_107.0,flat,terrain,255,285,blocked_within_participant,VRC-3PO,456,1.0,1.7899652
terrain_107.0,flat,terrain,270,300,blocked_within_participant,VRC-3PO,456,1.0,1.5198967
terrain_107.0,noise,terrain,255,285,blocked_within_participant,VRC-3PO,456,2.0,2.8641605
terrain_107.0,noise,terrain,270,300,blocked_within_participant,VRC-3PO,456,2.0,2.7713413
terrain_107.0,speedbumps,terrain,255,285,blocked_within_participant,VRC-3PO,456,1.5,2.0208642
terrain_107.0,speedbumps,terrain,270,300,blocked_within_participant,VRC-3PO,456,1.0,2.1548553
terrain_108.0,noise,terrain,255,285,blocked_within_participant,VRC-3PO,456,2.5,2.415595
terrain_108.0,noise,terrain,270,300,blocked_within_participant,VRC-3PO,456,3.0,2.6452725
terrain_108.0,speedbumps,terrain,255,285,blocked_within_participant,VRC-3PO,456,2.0,1.7305007
terrain_108.0,speedbumps,terrain,270,300,blocked_within_participant,VRC-3PO,456,2.0,1.8082756
terrain_109.0,flat,terrain,255,285,blocked_within_participant,VRC-3PO,456,1.0,1.8232646
terrain_109.0,flat,terrain,270,300,blocked_within_participant,VRC-3PO,456,1.0,1.5135492
terrain_109.0,noise,terrain,255,285,blocked_within_participant,VRC-3PO,456,1.0,2.5812893
terrain_109.0,noise,terrain,270,300,blocked_within_participant,VRC-3PO,456,1.0,2.3274257
terrain_109.0,speedbumps,terrain,255,285,blocked_within_participant,VRC-3PO,456,1.0,1.8112859
terrain_109.0,speedbumps,terrain,270,300,blocked_within_participant,VRC-3PO,456,1.0,1.884649
terrain_110.0,flat,terrain,255,285,blocked_within_participant,VRC-3PO,456,1.0,1.4322487
terrain_110.0,flat,terrain,270,300,blocked_within_participant,VRC-3PO,456,1.0,1.5589979
terrain_110.0,noise,terrain,255,285,blocked_within_participant,VRC-3PO,456,1.0,2.0601835
terrain_110.0,noise,terrain,270,300,blocked_within_participant,VRC-3PO,456,1.0,1.9988302
terrain_110.0,speedbumps,terrain,255,285,blocked_within_participant,VRC-3PO,456,1.0,2.0046859
terrain_110.0,speedbumps,terrain,270,300,blocked_within_participant,VRC-3PO,456,1.0,1.5631534
terrain_111.0,flat,terrain,255,285,blocked_within_participant,VRC-3PO,456,1.0,2.190696
terrain_111.0,flat,terrain,270,300,blocked_within_participant,VRC-3PO,456,1.0,2.0800953
terrain_111.0,speedbumps,terrain,255,285,blocked_within_participant,VRC-3PO,456,2.0,1.8219044
terrain_111.0,speedbumps,terrain,270,300,blocked_within_participant,VRC-3PO,456,2.0,1.895798
terrain_112.0,flat,terrain,255,285,blocked_within_participant,VRC-3PO,456,1.0,1.7176764
terrain_112.0,flat,terrain,270,300,blocked_within_participant,VRC-3PO,456,1.0,1.8121673
terrain_112.0,noise,terrain,255,285,blocked_within_participant,VRC-3PO,456,2.5,2.334457
terrain_112.0,noise,terrain,270,300,blocked_within_participant,VRC-3PO,456,2.0,2.007859
terrain_112.0,speedbumps,terrain,255,285,blocked_within_participant,VRC-3PO,456,2.0,2.168967
terrain_112.0,speedbumps,terrain,270,300,blocked_within_participant,VRC-3PO,456,2.0,2.0609388
terrain_113.0,flat,terrain,255,285,blocked_within_participant,VRC-3PO,456,1.0,1.9154553
terrain_113.0,flat,terrain,270,300,blocked_within_participant,VRC-3PO,456,1.0,1.794338
terrain_113.0,noise,terrain,255,285,blocked_within_participant,VRC-3PO,456,1.0,2.2201674
terrain_113.0,noise,terrain,270,300,blocked_within_participant,VRC-3PO,456,1.0,2.315408
terrain_113.0,speedbumps,terrain,255,285,blocked_within_participant,VRC-3PO,456,1.0,2.168967
terrain_113.0,speedbumps,terrain,270,300,blocked_within_participant,VRC-3PO,456,1.0,2.0609388
terrain_114.0,flat,terrain,255,285,blocked_within_participant,VRC-3PO,456,3.0,2.7796183
terrain_114.0,flat,terrain,270,300,blocked_within_participant,VRC-3PO,456,3.0,1.6948905
terrain_114.0,noise,terrain,255,285,blocked_within_participant,VRC-3PO,456,3.0,2.2426417
terrain_114.0,noise,terrain,270,300,blocked_within_participant,VRC-3PO,456,3.0,2.9520836
terrain_114.0,speedbumps,terrain,255,285,blocked_within_participant,VRC-3PO,456,4.0,2.6761422
terrain_114.0,speedbumps,terrain,270,300,blocked_within_participant,VRC-3PO,456,4.0,2.531845
terrain_115.0,noise,terrain,255,285,blocked_within_participant,VRC-3PO,456,2.0,1.9704828
terrain_115.0,noise,terrain,270,300,blocked_within_participant,VRC-3PO,456,2.0,1.9051398
terrain_115.0,speedbumps,terrain,255,285,blocked_within_participant,VRC-3PO,456,2.0,1.6472018
terrain_115.0,speedbumps,terrain,270,300,blocked_within_participant,VRC-3PO,456,2.0,2.4722419
terrain_116.0,flat,terrain,255,285,blocked_within_participant,VRC-3PO,456,4.5,2.1887224
terrain_116.0,flat,terrain,270,300,blocked_within_participant,VRC-3PO,456,5.0,2.372314
terrain_116.0,noise,terrain,255,285,blocked_within_participant,VRC-3PO,456,3.5,2.8218071
terrain_116.0,noise,terrain,270,300,blocked_within_participant,VRC-3PO,456,4.0,2.5293205
terrain_116.0,speedbumps,terrain,255,285,blocked_within_participant,VRC-3PO,456,1.5,2.2170167
terrain_116.0,speedbumps,terrain,270,300,blocked_within_participant,VRC-3PO,456,2.0,2.0359879
terrain_117.0,flat,terrain,255,285,blocked_within_participant,VRC-3PO,456,1.5,1.0515342
terrain_117.0,flat,terrain,270,300,blocked_within_participant,VRC-3PO,456,2.0,1.5679123
terrain_117.0,noise,terrain,255,285,blocked_within_participant,VRC-3PO,456,2.5,1.63711
terrain_117.0,noise,terrain,270,300,blocked_within_participant,VRC-3PO,456,3.0,1.679791
terrain_117.0,speedbumps,terrain,255,285,blocked_within_participant,VRC-3PO,456,1.5,2.19494
terrain_117.0,speedbumps,terrain,270,300,blocked_within_participant,VRC-3PO,456,1.0,1.5256466
terrain_118.0,flat,terrain,255,285,blocked_within_participant,VRC-3PO,456,1.0,2.5243633
terrain_118.0,flat,terrain,270,300,blocked_within_participant,VRC-3PO,456,1.0,2.534728
terrain_118.0,noise,terrain,255,285,blocked_within_participant,VRC-3PO,456,4.0,2.5917916
terrain_118.0,noise,terrain,270,300,blocked_within_participant,VRC-3PO,456,4.0,2.4734733
terrain_118.0,speedbumps,terrain,255,285,blocked_within_participant,VRC-3PO,456,3.0,2.6060278
terrain_118.0,speedbumps,terrain,270,300,blocked_within_participant,VRC-3PO,456,3.0,2.3080654
terrain_119.0,flat,terrain,255,285,blocked_within_participant,VRC-3PO,456,5.0,2.1648376
terrain_119.0,flat,terrain,270,300,blocked_within_participant,VRC-3PO,456,5.0,1.7433202
terrain_119.0,noise,terrain,255,285,blocked_within_participant,VRC-3PO,456,3.0,1.9906437
terrain_119.0,noise,terrain,270,300,blocked_within_participant,VRC-3PO,456,3.0,2.3562238
terrain_119.0,speedbumps,terrain,255,285,blocked_within_participant,VRC-3PO,456,3.0,2.1500196
terrain_119.0,speedbumps,terrain,270,300,blocked_within_participant,VRC-3PO,456,3.0,1.8873457
terrain_120.0,flat,terrain,255,285,blocked_within_participant,VRC-3PO,456,2.0,1.8377283
terrain_120.0,flat,terrain,270,300,blocked_within_participant,VRC-3PO,456,2.0,1.6423512
terrain_120.0,noise,terrain,255,285,blocked_within_participant,VRC-3PO,456,5.0,2.3428843
terrain_120.0,noise,terrain,270,300,blocked_within_participant,VRC-3PO,456,5.0,2.9764256
terrain_120.0,speedbumps,terrain,255,285,blocked_within_participant,VRC-3PO,456,5.0,2.829153
terrain_120.0,speedbumps,terrain,270,300,blocked_within_participant,VRC-3PO,456,5.0,3.4048467
terrain_121.0,flat,terrain,255,285,blocked_within_participant,VRC-3PO,456,1.0,1.6541257
terrain_121.0,flat,terrain,270,300,blocked_within_participant,VRC-3PO,456,1.0,1.7609175
terrain_121.0,noise,terrain,255,285,blocked_within_participant,VRC-3PO,456,1.0,2.0764327
terrain_121.0,noise,terrain,270,300,blocked_within_participant,VRC-3PO,456,1.0,2.2389698
terrain_121.0,speedbumps,terrain,255,285,blocked_within_participant,VRC-3PO,456,1.0,2.1794887
terrain_121.0,speedbumps,terrain,270,300,blocked_within_participant,VRC-3PO,456,1.0,2.1764967
terrain_122.0,flat,terrain,255,285,blocked_within_participant,VRC-3PO,456,1.0,2.1297872
terrain_122.0,flat,terrain,270,300,blocked_within_participant,VRC-3PO,456,1.0,1.8511963
terrain_122.0,noise,terrain,255,285,blocked_within_participant,VRC-3PO,456,2.5,2.1400206
terrain_122.0,noise,terrain,270,300,blocked_within_participant,VRC-3PO,456,3.0,2.5060883
terrain_122.0,speedbumps,terrain,255,285,blocked_within_participant,VRC-3PO,456,5.0,2.3424692
terrain_122.0,speedbumps,terrain,270,300,blocked_within_participant,VRC-3PO,456,5.0,1.8063812
